﻿Designator,Footprint,Quantity,Value,LCSC Part #
"C101, C102, C103, C104, C107, C108, C109, C112, C113, C116, C201, C202, C203, C204, C501, C502",0402,16,100n,C307331
"C105, C106, C110, C111, C114, C115, C301",0603,7,10u,C96446
"D101, D104, D202, D205, D209, D212, D214, D216",D_SOD-323,8,D,C191023
"D103, D108, D111",0603,3,Red LED,C2286
"D105, D106, D109, D206",D_SOD-323,4,CESD12VD3,C19829531
D107,D_SOD-323,1,CESD3V3D3ZA,C19829531
"D110, D301",D_SOD-323,2,CESD5V0D3ZA,C19829531
"D201, D203, D204, D207, D208, D210, D211, D213, D215, D217",0603,10,Yellow LED,C72038
D501,SOT-23,1,ESDCAN24-2BLY,C2937021
F101,FUSE-Littelfuse_Nano2_154x,1,Fuse,C206919
F301,0805,1,SMD0805-050-16V,C2833485
J101,PinHeader_1x04_P2.54mm_Vertical,1,SWD,-
J202,PinHeader_2x06_P2.54mm_Vertical,1,Pwr Interconnect,-
J204,PinHeader_2x16_P2.54mm_Vertical,1,Sig Interconnect,-
J205,PinHeader_2x03_P2.54mm_Vertical,1,Pwr,
J207,PinHeader_2x03_P2.54mm_Vertical,1,CanBus,
"J211, J213, J214",PinHeader_1x03_P2.54mm_Vertical,3,Conn_01x03,-
J301,USBC_HRO_TYPE-C-31-M-12,1,USB_C,C165948
JP101,PinHeader_1x02_P2.54mm_Vertical,1,Jumper_2_Open,-
L101,0603,1,CBG160808U121T,C50843
"Q201, Q202, Q203, Q204, Q205, Q206, Q207, Q208, Q209, Q210",SOT-23,10,AO3400A,C20917
"R101, R104, R105, R228, R229",0402,5,10k,C25744
"R102, R106, R107, R201, R204, R207, R210, R213, R216, R219, R222, R226, R233",0402,13,4k7,C25900
"R103, R230, R232",0402,3,1k,C11702
"R202, R203, R208, R209, R214, R215, R220, R221, R225, R231",0402,10,100k,C25741
"R205, R206, R211, R212, R217, R218, R223, R224, R227, R234",0402,10,10,C25077
"R301, R302",0402,2,5k1,C25905
R501,0402,1,120,C25079
"RV201, RV202",RV_Bourns_3362,2,RV 10k,C25744
"SW101, SW102, SW201, SW202",PushBtn_TS-1187A-B-A-B,4,SW_Push,C318884
TP201,TestPoint_THTPad_D1.5mm_Drill0.7mm,1,ANA1_TP,-
TP202,TestPoint_THTPad_D1.5mm_Drill0.7mm,1,GND_TP,-
TP203,TestPoint_THTPad_D1.5mm_Drill0.7mm,1,ANA2_TP,-
U101,LQFP-48_7x7mm_P0.5mm,1,STM32F072C8T6,C80488
U102,SOT-223-3_TabPin2,1,AMS1117-3.3,C6186
U103,SOT-223-3_TabPin2,1,AMS1117-5.0,C6187
U201,SOIC-8_3.9x4.9mm_P1.27mm,1,OPA2197IDR,C139363
U202,TSSOP-20_4.4x6.5mm_P0.65mm,1,SN74HC245PWR,C37101
U301,SOT-23-6,1,USBLC6-2SC6,C2827654
U501,SOIC-8_3.9x4.9mm_P1.27mm,1,TJA1042T-3,C132227
